{
  "Version": "1.0",
  "Parameters": {
    "RuleName": "PR-DS-P1-S3-Server-Side-Encryption",
    "Description": "PR-DS-P1-S3-Server-Side-Encryption",
    "SourceRuntime": "python3.8",
    "CodeKey": "PR-DS-P1-S3-Server-Side-Encryption.zip",
    "InputParameters": "{\"infosec-approved-exceptions\": []}",
    "OptionalParameters": "{}",
    "SourceEvents": "AWS::S3::Bucket",
    "Remediation": {
      "Automatic": true,
      "ConfigRuleName": "PR-DS-P1-S3-Server-Side-Encryption",
      "Parameters": [
        {
          "AutomationAssumeRole": {
            "StaticValue": {
              "Values": [
                {
                  "Fn::Sub": "arn:aws:iam:::role/automationRole"
                }
              ]
            }
          }
        },
        {
          "BucketName": {
            "ResourceValue": {
              "Value": "RESOURCE_ID"
            }
          }
        }
      ],
      "ResourceType": "AWS::S3::Bucket",
      "TargetId": "AWS-EnableS3BucketEncryption",
      "TargetType": "SSM_DOCUMENT"
    }
  },
  "Tags": "[]"
}